PDB,MMGBSA_dG_Bind_Coulomb,MMGBSA_dG_Bind_Covalent,MMGBSA_dG_Bind_Hbond,MMGBSA_dG_Bind_Lipo,MMGBSA_dG_Bind_Packing,MMGBSA_dG_Bind_Solv_GB,MMGBSA_dG_Bind_vdW,Lig_Strain_Energy,X2.5_contacts,X4.0_contacts,backbone_alpha,backbone_beta,backbone_other,sidechain_alpha,sidechain_beta,sidechain_other,ligand_HBD,receptor_HBD,hydrophobic,pi.cation,pi.pi,pi.t,salt_bridge,rot_bonds
1e66,-0.224358413,1.389748111,-0.224879964,-55.49285992,-9.814093912,55.1149227,-53.08651443,1.300043979,0,113,0,0,18,25,3,67,0,0,55,0,5,0,0,2
10gs,-41.28111928,2.711161767,-3.382407273,-30.39425613,-1.152586029,39.35982073,-43.7872389,8.332012843,11,153,4,13,11,41,22,73,3,6,21,0,0,0,2,14
1a08,-200.7171888,4.048839057,-10.62938321,-23.9154994,-0.298243898,197.2132487,-43.68475214,4.183304905,10,129,0,17,4,39,62,17,1,6,17,1,0,0,2,19
1a1b,-173.9093578,3.190835869,-11.30563474,-22.85345083,-0.592457509,170.3452731,-42.08440572,3.432211651,9,124,0,16,4,45,52,16,1,6,15,1,0,0,2,19
1a30,-57.40392777,10.46421224,-3.041919967,-29.54229284,0,63.267071,-49.86817297,17.26833743,11,126,0,13,27,0,47,50,4,4,10,0,0,0,1,14
1a69,-39.50589796,3.268759839,-2.235956588,-22.9661711,-0.196083499,39.66771474,-36.25093919,4.134109152,7,156,0,32,6,20,51,54,4,1,14,0,0,0,0,5
1ai5,12.22164629,1.62756777,-1.849011241,-16.69545366,-0.517541791,-0.272538849,-28.98861279,1.286578113,2,61,0,15,0,2,30,16,0,2,13,0,1,0,0,3
1ajp,-2.925217198,7.431500836,-2.431454587,-27.56536457,0,11.67679097,-11.70105617,7.986932764,3,96,0,23,0,1,40,35,0,2,36,0,1,1,0,2
1ajq,-10.25106469,0.143067265,-2.129594773,-24.89696474,-0.318298226,20.95857267,-23.65987666,0.302214295,5,59,0,17,0,7,30,10,0,2,15,0,1,1,0,2
1apw,-38.06418769,3.87587248,-3.136480939,-47.14064623,0,30.41953732,-59.70415427,11.83463766,11,156,0,2,44,0,46,75,4,2,16,0,0,0,0,15
1avn,-20.86182267,0.329977887,-0.709817023,-3.66834799,-1.507523523,24.97372117,-11.25245133,0.260650254,2,34,0,0,0,0,22,14,0,2,1,0,0,0,0,3
1b39,-107.2915144,2.18342168,-10.18514921,-14.16132258,-0.051407764,136.730574,-52.66648524,5.399782954,15,156,0,16,24,0,53,78,3,6,13,0,0,0,7,11
1b7h,-119.1232058,-0.40273143,-9.650280247,-48.33808538,0,197.6325212,-57.55199004,10.39815799,19,231,10,40,13,33,107,47,8,3,20,1,0,0,3,19
1b8o,-138.5407018,4.152352298,-5.218948136,-26.25712699,-0.705110538,108.6681066,-37.23596697,12.08192203,14,172,1,34,0,20,50,81,6,3,15,0,0,1,1,5
1b9j,-114.1772778,1.346352338,-7.149448807,-14.78260252,0,170.4575091,-56.30854322,5.715185454,18,232,3,42,21,32,98,54,6,5,19,0,0,0,1,18
1bcu,3.712629167,2.141689678,-5.1585383,-19.61848421,0,73.07773297,-32.31094624,2.000662656,1,67,0,20,12,0,8,28,1,0,16,0,0,0,0,2
1bma,-74.88171449,2.980945236,-0.729117192,-36.67639332,-2.242672406,91.01291142,-48.91377503,14.08164965,4,79,0,22,14,0,9,38,0,1,5,0,0,0,0,11
1bra,-285.3219997,3.383641179,-3.476333256,-12.60985263,-0.020479236,285.8714589,-20.69363659,4.881300102,3,95,0,26,29,0,13,30,1,0,9,0,0,0,0,2
1bxo,10.45824047,5.020434413,-4.109437532,-55.97432687,-0.001571404,-16.632023,-75.52709774,7.672476797,10,176,0,3,37,0,50,96,4,5,22,0,0,0,0,10
1d09,-190.1118001,3.008916796,-17.26062946,-9.947137195,0,198.2863614,-30.94723507,6.699403111,18,165,14,0,15,60,37,57,0,13,5,0,0,0,6,7
1d7j,-8.937304527,1.62519888,-0.544598966,-13.94018795,0,3.714479266,-15.56604638,1.237324939,1,33,0,0,3,6,12,13,1,1,9,0,0,0,0,3
1det,45.25953084,-0.287379825,-5.595991023,-5.481303559,-3.936657267,-44.47901068,-27.32725115,1.886015842,8,118,0,5,24,0,36,61,4,3,10,0,1,0,0,7
1df8,-30.33336344,0.998127456,-3.032540884,-40.36582919,0,34.93030089,-42.31938704,0.81718526,5,104,0,0,11,0,68,30,1,4,22,0,0,0,0,5
1dhi,-38.40853198,-2.031362253,-11.15504943,-24.85821402,-1.115248902,37.97269458,-41.13620106,5.127471734,7,129,1,35,0,42,42,16,1,3,18,0,0,0,3,11
1e1v,1.71001338,1.785416083,-1.568679192,-23.48671909,-0.292790863,15.63128378,-37.87068195,2.478154727,6,96,0,38,1,0,59,4,2,1,23,0,0,0,0,4
1e5a,-2.510039687,0.4202302,-0.250989548,-14.81432116,0,5.284416795,-12.11466392,0.516532797,1,19,0,0,0,0,20,0,0,1,4,0,0,0,0,1
1ela,-58.50861922,-0.698098587,-0.868904274,-29.42748015,-0.802957548,58.57143956,-45.19601545,7.50810017,7,117,0,29,22,0,19,54,2,1,13,0,0,0,0,11
1elb,-72.61825595,26.07865548,-0.837769218,-44.13364583,-4.53E-08,79.69124939,-22.99356228,39.69385212,11,135,0,32,12,0,23,79,1,1,29,0,0,0,0,14
1f4e,67.94405358,6.53516911,-1.987644627,-22.5634176,-0.110485342,-44.31614673,-32.62815638,7.90147806,2,40,0,0,1,18,4,19,0,1,16,0,1,0,1,3
1f4f,123.4957602,4.96926306,-3.807734745,-27.91213031,-0.213142504,-93.34493686,-51.2959452,4.063586297,1,79,2,0,7,24,0,47,0,2,27,0,0,1,1,9
1f4g,51.41016021,9.838466686,-7.901523076,-31.99504253,-0.802931619,-32.40942853,-57.7136796,11.88429326,5,108,3,6,5,34,30,35,0,6,32,0,0,1,2,12
1f5k,-217.0286899,2.676186614,-7.396920553,-10.94987806,0,212.3714437,-22.17954658,3.275672804,5,86,0,6,37,0,7,41,1,0,11,0,0,0,0,2
1fcx,-26.66280162,2.671838339,-3.573993642,-79.85620094,-1.840611524,33.01372604,-68.1531699,5.086741692,6,102,22,2,4,57,8,15,0,3,42,0,0,1,1,4
1fcz,-25.39034588,2.021696888,-3.913970997,-76.69967439,-1.403715673,27.1335035,-66.77770306,2.557277669,4,90,16,2,4,48,7,17,0,3,40,0,0,1,1,4
1fd0,-28.15398094,3.442232842,-3.943751649,-74.15505,-1.868672933,32.19892637,-67.96962698,6.029697439,6,108,24,2,5,60,8,15,0,3,42,0,0,1,1,4
1fh7,-103.606699,0.006228801,-4.826456847,-21.58942059,0,90.48956268,-24.43158135,6.41301755,9,180,0,0,0,0,79,110,2,4,16,0,0,0,2,7
1fh8,-119.053665,1.093112761,-4.793233535,-21.65013214,0,102.9658029,-25.39927092,6.617783361,11,154,0,0,0,0,57,108,2,3,15,0,0,0,2,6
1fh9,-165.067475,4.299546707,-5.663078979,-19.8394147,0,120.6937315,-24.27179811,9.22777422,16,212,0,0,0,0,77,151,3,4,15,0,0,0,2,8
1fkb,-32.47440309,3.317406472,-1.765329436,-54.37810964,0,25.3288776,-60.44668016,9.271107425,6,117,0,0,27,13,43,40,3,2,30,0,0,0,0,9
1fki,-19.8776216,-2.860077819,-0.614243204,-39.70065987,0,16.14988013,-43.78580519,4.93718598,2,93,0,0,6,11,37,41,0,3,25,0,0,0,0,0
1fkn,-26.0061384,2.817329451,-7.689395276,-49.01504956,-3.20E-06,22.43119488,-72.57895281,41.25250565,16,215,0,17,67,0,66,81,4,6,28,0,0,0,1,30
1flr,-0.996939535,3.58295534,-1.589338261,-31.85079745,-7.536346687,19.91562111,-44.80752865,4.360325469,5,137,0,2,23,0,59,58,0,1,41,0,6,0,0,3
1ftm,-38.47821578,1.560919422,-4.592291334,-19.57112478,-0.056342054,18.83400723,-30.62569229,3.272500953,15,155,2,23,2,50,73,20,2,9,15,0,0,0,2,5
1fzj,-97.82075842,2.716641977,-7.617481491,-61.22605834,-2.161504092,99.34086779,-95.0589445,10.1211478,14,312,15,0,0,251,60,0,5,8,50,0,0,1,1,32
1fzk,-85.3119644,9.487863255,-4.92412729,-56.69515529,-6.591400633,90.57204189,-93.14752564,29.18308723,14,255,1,0,0,215,53,0,4,9,48,1,2,1,0,25
1g7f,-118.1580123,2.647551255,-12.22073361,-29.6932277,-1.091779275,124.5881392,-47.32832983,10.05202853,14,163,5,0,13,40,4,115,2,7,30,0,0,0,3,16
1g7q,-23.32235246,3.396900464,-6.236960773,-36.39631439,-0.11551736,43.03199146,-70.4724458,18.53625617,20,318,2,0,0,283,53,0,5,9,36,0,0,0,2,24
1gni,152.0887657,2.656299226,-2.819545565,-69.33386428,0,-135.2789526,-41.47085878,11.25664655,1,50,6,0,0,33,0,12,0,2,31,0,0,0,1,15
1gpk,-14.5112168,1.932307705,-0.463180037,-39.12743263,-0.163041414,42.67479835,-42.70258448,2.530772865,2,84,0,8,22,4,10,42,0,2,21,0,0,0,0,1
1h23,-27.27065664,1.42609227,-0.763134467,-66.60098264,-2.041803365,57.05336295,-72.26655736,8.857012661,3,135,7,9,29,13,11,69,0,2,48,4,2,0,0,15
1ha2,-28.94940831,3.478347902,-0.64658832,-36.54006901,-0.46258172,42.72808521,-43.21579141,2.503654484,1,53,7,0,0,47,0,0,1,1,28,0,0,1,0,5
1hfs,73.21327231,2.171173476,-1.678946161,-69.40746261,-5.257890123,-18.35318725,-82.88712989,10.67203783,6,176,2,8,47,47,31,47,2,3,50,1,3,2,4,18
1hi4,-196.5798465,8.703503791,-10.67085215,-8.605128083,-7.173443131,195.5742935,-36.08090395,8.991103889,10,182,0,6,5,32,64,85,1,7,19,3,2,0,3,8
1hk4,66.67759638,1.953724284,-1.171834797,-35.44557841,-1.196674596,-45.15202716,-49.19384579,4.182251267,5,123,13,0,0,115,0,0,3,1,17,0,1,0,5,7
1if7,3.454693322,4.140465306,-2.433730472,-27.11627546,-0.876540697,-3.434321339,-36.05889894,4.808772563,6,82,1,0,4,1,44,38,0,1,9,0,0,0,0,7
1is0,-286.841116,9.015324493,-12.65666439,-29.72375971,-0.291018794,288.1435332,-46.79028557,16.96364647,11,151,0,13,10,40,67,32,1,8,17,1,0,0,3,19
1j16,-316.6415526,1.104862284,-6.38060525,-12.67807674,-0.198525699,317.5922723,-25.62942391,1.550084508,3,99,0,4,46,0,9,43,3,0,14,0,0,0,0,2
1j17,-78.91546882,2.319057253,-0.03106546,-46.88152593,-0.996270517,133.9582524,-57.03970029,16.51269987,0,125,0,30,28,0,30,37,0,0,44,0,0,0,0,4
1jaq,-46.07789728,5.801600473,-2.874382403,-16.98681695,0,43.23448133,-39.27342427,6.076182265,6,129,1,19,25,49,14,27,2,2,12,0,0,0,1,9
1jq9,-101.8071599,7.968810175,-3.772772746,-32.94426441,0,146.624804,-39.67420102,30.74285926,2,43,29,0,0,16,0,0,0,0,6,0,0,0,0,24
1jqd,1.213243107,4.12115988,-3.993801642,-22.81121536,-0.001806059,3.824039611,-57.9191889,13.54571229,10,133,3,0,45,27,21,47,4,3,15,0,0,0,1,11
1jys,-12.21374323,1.704486362,-1.162281799,-3.78498965,-0.476890176,14.51071228,-22.69642832,1.158272044,3,53,0,6,18,0,7,25,0,1,11,0,0,0,0,1
1k9s,-36.63952613,3.376334031,-3.526673377,-27.20924178,-0.455140287,52.34604628,-43.34657094,2.295837598,8,165,0,36,4,25,55,53,4,0,12,0,0,0,0,6
1kv1,-15.27353088,1.755493007,-2.156746909,-44.75890064,-0.033914387,21.60774435,-51.87606812,1.205570416,4,63,0,4,9,29,12,13,2,1,14,1,1,0,0,3
1kv5,-138.0425911,1.365832277,-9.524463631,-4.06237956,0,143.0706782,-19.80396568,0.876414837,11,93,0,14,17,0,25,48,0,8,3,0,0,0,3,3
1l2s,-10.81668565,6.323427835,-2.999167559,-19.24202623,-0.939642128,12.70213517,-32.46849324,9.268313467,7,102,5,29,7,45,6,17,0,4,14,0,0,2,1,4
1lol,-1.322786618,3.665467805,-8.462823407,-10.62345663,-3.86E-07,-0.305156959,-30.64083782,5.296567876,14,142,0,15,17,0,50,74,2,8,4,0,0,0,1,6
1loq,-16.4100071,5.347098313,-9.156962082,-13.3735004,0,12.21337651,-26.59949998,8.147020883,17,146,0,10,11,0,51,91,2,9,9,0,0,0,1,6
1m0n,-96.76146018,9.905163992,-11.64195986,-19.3486075,-0.128098328,132.4738781,-40.12809172,10.63328943,8,147,7,0,15,15,29,89,0,4,20,0,0,0,2,7
1m0q,-55.23290348,4.792162488,-11.44003158,-15.75210502,-0.098260656,97.23664064,-38.96531038,4.841600535,9,148,9,0,14,17,30,87,0,6,14,1,0,0,2,7
1m2q,-5.853897186,2.230630369,-1.474012805,-26.43167325,-0.119219084,6.357876162,-34.02936954,4.084757188,4,109,0,0,17,1,70,25,0,1,25,0,0,0,0,3
1mq6,-55.04392204,2.920667729,-0.396279856,-60.24525338,-2.272237866,79.28814502,-70.94470136,5.173509616,2,163,0,43,21,0,37,64,0,1,40,0,2,2,0,8
1n2v,-24.88084989,3.526675383,-2.074536274,-16.89782227,0,24.2505475,-28.79799126,4.288168582,4,85,0,5,6,24,31,23,1,2,18,0,2,0,0,3
1nc1,-22.75070296,6.436449113,-6.324913837,-45.8843904,-1.193155228,26.88430128,-40.21350998,9.726446054,6,70,1,3,4,24,20,24,1,1,11,0,0,0,0,6
1ndw,-32.2667837,3.820462555,-4.003396446,-26.98016305,-1.973676046,33.02723013,-33.97188697,7.745996247,6,106,0,1,0,13,44,54,3,2,33,1,1,2,0,7
1ndy,-40.30872459,5.007508876,-4.390891562,-34.11353257,-1.77744596,36.00665177,-40.85917566,7.678896963,5,114,0,3,13,14,43,46,2,2,38,0,0,0,0,7
1ndz,-37.04354181,0.512984319,-4.062677066,-42.09205364,-2.903457119,53.88589238,-56.07398545,19.17690009,8,159,3,5,22,36,9,92,3,2,59,1,1,0,0,11
1nfy,-199.3427673,3.002532343,-1.188542722,-38.69762962,-0.943520707,229.5491452,-57.53718282,14.40009552,1,156,0,29,30,0,39,59,0,1,33,0,1,1,0,6
1nhu,-97.12754851,4.332325835,-1.740096939,-48.46222344,-0.741927377,94.99106372,-37.04414506,5.865445164,2,57,0,0,10,30,0,19,0,2,16,0,0,0,0,8
1nja,-2.942862694,7.754996413,-7.048467139,-10.14051588,-1.452008647,3.168463875,-31.08994236,8.131654811,8,113,1,8,0,0,68,44,1,4,2,0,0,0,2,7
1nje,-6.22462327,4.756988687,-7.209454367,-9.444709994,-0.003256134,8.281962967,-26.7275028,5.969133579,10,119,5,11,0,18,41,54,2,6,7,0,0,0,2,7
1nny,-128.5660145,-3.389641099,-11.34332103,-31.41445273,-1.532921107,139.7144083,-49.85160821,24.42548935,18,211,17,0,23,81,11,97,4,8,31,0,2,0,3,17
1nvq,-98.49218416,0.200922636,-1.581482142,-40.41163122,-6.00E-11,93.7240777,-58.5636598,2.347429133,6,135,0,24,15,0,70,32,2,1,35,0,0,0,1,5
1o0h,-110.1381052,3.706022977,-13.42257859,-7.886078793,-6.026130132,113.8491852,-32.3018323,7.318681652,9,161,0,8,0,47,45,70,1,7,12,0,1,0,5,9
1o3f,-211.4245671,1.987443966,-2.501581146,-22.69448197,-1.12826225,254.4957039,-32.59874881,5.119600008,10,147,0,6,59,0,6,86,3,0,25,1,0,1,0,5
1o3p,-234.9818144,8.670060035,-2.407138794,-30.21596592,-0.670753875,288.1507418,-39.57370276,12.35320998,9,147,0,26,45,0,26,59,3,0,26,0,0,0,0,6
1olu,32.85451279,0.231643527,-4.955811915,-22.98790551,0,-42.17825421,-34.81285588,-1.92395614,13,139,0,11,41,0,23,77,2,7,13,0,0,0,4,12
1om1,-17.60777262,3.130497536,-3.044435861,-38.67611313,-0.616896952,34.01430252,-39.74565084,6.116325152,2,83,0,5,8,0,55,17,0,2,37,0,0,0,1,2
1p1q,-40.43440778,0.068499168,-4.645995405,-18.42508624,-0.110097761,20.22627685,-25.60650112,2.088005939,13,162,3,27,2,49,72,22,1,7,14,1,0,0,2,5
1pb9,-41.81847527,1.747097666,-3.105887166,-10.83015882,0,25.41987792,-12.08293376,1.62764886,15,138,7,19,6,52,52,17,4,7,12,1,0,0,1,1
1pbq,-14.00108485,0.55804576,-7.067220122,-27.17096725,-6.428580912,17.61091635,-32.39084012,0.582879409,3,100,0,9,0,21,46,27,0,5,29,0,2,0,1,2
1ppm,5.654738763,5.217604408,-4.04766782,-47.26674277,-0.204954774,0.67931473,-69.10415221,8.53499965,11,162,0,2,35,0,49,87,2,4,22,0,0,0,0,17
1pr5,-22.14349145,1.953057362,-5.75941986,-19.77827566,-0.269702456,49.48449511,-33.90952515,4.608058587,8,141,0,36,0,14,52,47,4,0,20,0,0,0,0,6
1pxo,-17.43757694,3.67877019,-3.667672769,-20.45611843,-0.009791256,15.05538672,-29.80152052,2.333380996,2,56,0,6,11,0,26,15,1,1,15,0,0,0,0,3
1q7a,2.324379424,4.37087809,-0.343639592,-30.62461354,-1.230001695,24.79215082,-36.60333875,6.008964021,0,52,3,0,7,18,0,24,0,0,27,0,0,1,0,6
1q8t,-18.09277522,3.5859339,-0.592230324,-31.96937129,-7.26E-07,27.40751944,-40.67916886,3.056810515,1,56,0,18,1,0,29,9,0,2,17,0,0,0,0,4
1re8,-80.83133843,3.39416278,-3.245380099,-44.03442767,-0.023459868,67.78611663,-68.0890631,7.208675367,10,176,0,34,22,7,80,43,3,2,35,1,0,0,2,9
1rnt,8.576263608,1.614047605,-10.21824878,-6.430937632,-1.206322594,-5.732407026,-32.14821867,2.655609688,10,145,0,4,26,0,63,62,3,5,14,0,0,0,2,7
1s39,-20.86481328,0.70532816,-7.07346627,-15.01971108,-5.259562003,27.29919284,-26.98511242,0.98055836,6,117,0,7,7,27,50,32,3,2,28,0,2,0,0,1
1sl3,-78.11624662,2.328966212,-0.753660062,-51.71562888,-2.496314581,103.2615129,-65.43382277,10.04148912,5,147,0,49,19,0,21,63,2,1,30,0,1,1,0,10
1slg,-39.94006663,4.013921395,-1.419955037,-27.06831582,-1.207721472,24.77765393,-32.635073,20.68339904,7,125,0,1,0,0,123,8,1,4,17,1,0,1,0,26
1sqa,-289.2123935,10.42988258,-8.542644631,-24.22964823,-0.190178935,321.0435113,-53.45761553,11.8865062,5,171,0,5,57,0,6,108,4,1,18,0,1,0,1,8
1sv3,151.2919586,0.066028007,-0.258929971,-10.65723504,0,-128.3983156,-17.90547057,0.180699287,1,37,0,0,15,14,0,9,0,0,12,0,0,0,1,2
1syh,-48.43968793,0.751443128,-4.935453082,-26.82616057,-0.001623018,22.33642195,-33.9812348,2.97260579,18,194,6,27,4,60,90,25,3,7,27,1,0,0,2,4
1tmn,-40.71652179,6.491373729,-3.199593106,-39.7734393,0,79.58822673,-42.44768579,13.92006444,13,149,0,12,0,56,54,40,2,3,10,0,0,0,6,19
1trd,-87.5329204,2.89096545,-7.8845404,-3.63359647,0,87.14754464,-23.54290271,2.605258004,9,107,0,19,16,0,39,42,2,9,3,0,0,0,2,4
1tsy,-6.733690547,4.661745538,-6.52548185,-9.868121036,-0.004811145,-6.785369141,-26.10550267,5.745638735,12,137,5,9,0,19,55,61,2,5,5,0,0,0,2,6
1ttm,-0.691023023,1.867911527,-2.069243315,-19.68539987,-0.005085874,-8.476309777,-30.08032927,2.308977521,7,82,0,0,7,10,29,43,1,2,16,0,0,0,0,3
1u1b,-58.6237841,5.465436587,-7.29519645,-15.97413409,-5.970156007,96.13153899,-62.06166003,7.533588799,8,164,0,22,0,30,79,41,3,6,13,0,2,0,7,16
1u2y,-26.13826223,1.155587199,-1.297840979,-9.94399404,0,32.87492051,-18.59594731,0.097437381,1,57,0,0,5,5,24,24,0,1,4,0,0,0,0,6
1u33,-37.20669648,4.558243703,-5.32138026,-38.25085771,0,70.41265941,-47.04764201,12.00732644,11,191,0,3,19,30,54,96,4,4,19,0,0,0,0,18
1utp,-103.6372738,0.442142492,-1.240905077,-21.7284066,-2.254333823,132.2650295,-22.43648373,1.990283823,2,68,0,4,28,0,4,34,1,0,7,0,0,0,1,5
1uwt,-26.1854376,6.28787892,-2.985474205,-17.22589697,0,31.67870653,-22.09119252,14.61078002,11,174,0,0,0,0,73,112,3,3,17,0,0,0,0,6
1v16,-20.15486117,8.725484941,-11.01677455,-26.96057485,0,42.1377725,-36.81941935,8.398308186,10,133,0,8,33,0,24,78,1,7,16,0,0,0,4,9
1v2o,-314.7214075,5.26636006,-7.62682632,-22.40316562,-0.03077905,315.329228,-38.59433852,13.70348473,7,137,0,7,66,0,4,67,3,2,15,0,0,0,0,11
1vfn,-26.01363886,0.134832752,-1.529064847,-3.09549811,-0.262703169,21.64466658,-24.73852674,0.024254241,4,85,0,29,0,0,17,43,2,1,12,0,0,1,0,0
1vzq,-178.5446148,6.859355541,-7.774855289,-35.13134147,-0.14733493,180.7632598,-56.82490342,7.165877092,8,154,0,34,34,0,13,81,3,1,33,0,0,1,1,7
1x1z,-17.89249932,6.335788515,-9.780305834,-12.00608853,0,14.15524658,-28.72240785,8.062763269,14,165,0,13,10,0,57,99,2,9,8,0,0,0,1,7
1xd1,-37.09130748,2.778666148,-6.111748367,-60.42464766,0,75.2857715,-79.68019929,28.91138075,16,271,0,0,47,38,54,148,6,3,23,0,0,0,3,34
1xgj,-30.3190434,3.129608716,-3.364157493,-12.71124576,-0.066197115,37.81373608,-34.52174461,3.807871984,7,117,4,30,10,57,7,16,0,4,13,0,0,2,1,6
1y1m,-24.64773263,1.158338229,-3.72923783,-17.4229877,0,15.06301439,-15.35433509,1.976233962,9,108,0,16,0,30,61,10,3,4,17,1,0,0,2,2
1y6q,-125.9177678,3.050648829,-6.228058199,-53.15980147,-1.693948378,120.965822,-53.87343396,5.293390869,5,147,0,22,23,17,41,49,5,1,22,0,2,0,2,6
1ydt,18.37776636,6.531519682,-1.153007654,-45.74664224,-1.81E-06,-8.761298023,-58.67770677,3.360545625,3,108,0,37,9,0,48,17,0,1,36,1,0,0,1,8
1zc9,17.77148957,2.186404818,-2.530480089,-12.85934907,-0.161502179,-5.463962213,-27.17127054,4.958765204,10,101,14,0,12,16,12,57,0,2,14,0,0,0,0,7
1zoe,6.084084333,1.542614231,0,-58.35103384,-3.70E-09,6.405415903,-39.95871607,1.628234447,0,45,0,4,1,0,33,7,0,0,15,0,0,0,0,1
1zs0,125.3175442,4.722690066,-1.425720927,-32.61922703,-2.829828235,-76.93258831,-52.20592829,6.823992543,4,111,5,8,28,40,12,22,0,3,28,2,1,0,3,7
1zvx,125.1185316,4.782734941,-1.607368336,-34.19313461,-4.780747489,-79.32822511,-49.12835012,8.997488906,5,128,2,16,28,43,13,31,1,2,37,1,2,0,3,7
2aou,0.85257043,4.799122982,-0.094667894,-47.75278522,-6.319314098,59.05940664,-46.50929532,10.12429612,1,116,5,0,0,76,4,32,0,0,50,0,4,1,0,7
2aov,-4.416125964,-0.151259305,-2.709787355,-29.73834183,-1.495865012,24.59301239,-38.76979924,0.660969641,6,78,1,0,2,31,1,49,1,0,14,0,1,1,0,3
2ayr,-3.992867498,2.329009467,-1.954346564,-74.21032649,-1.438389381,19.5749715,-69.53530199,8.240381209,6,103,17,0,1,78,0,13,1,1,38,0,0,2,1,9
2azr,-101.0128091,1.52661543,-8.595500197,-22.30459173,-0.898443655,101.5332365,-32.40600728,5.223991117,7,99,8,0,5,30,4,59,0,6,25,0,0,0,3,4
2b1v,-16.77380362,3.616596259,-1.805601998,-59.22071071,-0.283515563,20.73870499,-40.28922301,3.546279989,3,54,8,0,0,42,0,7,2,1,15,0,0,1,0,4
2b7d,-72.61042756,8.572851407,-8.514524723,-22.19978602,-1.175649241,114.9819672,-40.78387294,15.49895958,10,186,0,9,70,0,6,111,4,0,25,1,0,1,1,12
2bak,-7.590451473,5.05908683,-1.507517386,-72.98928775,-0.919819773,36.16553176,-87.8174839,3.841294356,4,132,0,16,18,15,44,43,1,2,47,1,0,1,2,10
2bok,-321.4372881,6.929653317,-6.46864643,-42.385587,0,326.1019907,-56.82582014,8.215564743,4,141,0,30,28,9,17,61,2,1,37,2,0,0,0,7
2brb,-10.35143814,0.164914054,-0.662276551,-30.75472952,0,20.50723954,-41.45489793,2.30934599,1,67,0,22,3,0,37,6,0,2,22,0,0,0,0,6
2brm,-22.5782936,0.718861725,-0.927054724,-26.03956821,-1.12E-09,26.63688154,-38.4778418,3.227009609,2,76,0,25,5,0,41,7,1,1,20,0,0,0,0,6
2bz6,-96.08564822,1.796001837,-8.499634321,-31.33066451,-0.07860481,118.8112391,-48.34498804,7.394232701,6,172,0,42,37,0,18,81,5,0,37,0,0,1,1,10
2bzz,-185.178278,10.6201562,-14.71444728,-13.37126382,-12.32500885,194.2848465,-52.86900966,21.30157552,10,195,0,16,0,32,91,66,1,6,17,0,2,0,5,22
2c02,-111.6700564,6.047159737,-9.458926662,-10.27419411,-4.714405411,122.5308398,-34.05792185,9.828046508,5,115,0,1,0,21,34,64,1,6,9,0,1,0,5,9
2ceq,-40.43879583,0.880710371,-2.973310854,-19.59208332,-1.512814313,27.31116005,-21.35518075,12.11999535,15,169,0,0,0,0,93,91,2,3,25,0,1,0,0,5
2cer,-52.06227523,0.885655835,-4.57769508,-31.06951943,-1.274252325,51.61790581,-31.93825945,12.44406757,14,173,0,1,0,0,71,115,5,3,27,0,1,0,0,8
2cet,-32.41373393,4.058300188,-4.235162731,-30.67355037,-2.981500489,64.61142004,-30.55218916,14.27199592,13,158,0,0,0,2,65,104,3,3,32,0,1,0,0,8
2cgr,-24.95171617,6.992470513,-6.817297683,-29.18701146,-2.884141613,19.12632104,-50.09899714,6.230752967,4,155,0,18,21,0,107,13,2,1,36,0,1,3,1,6
2ctc,-12.27734502,1.993359271,-10.4831619,-18.7417439,-0.376875799,14.14218398,-19.79965387,3.098446118,8,84,0,0,1,1,13,77,1,4,11,0,0,0,5,4
2d0k,-19.56279055,-2.21000385,-12.69612153,-19.77042988,-1.831907591,25.63922366,-38.8600431,7.399989638,5,117,2,21,0,57,35,7,2,2,20,0,0,0,2,10
2d1o,-184.5142637,2.763512013,-3.659924691,-53.6729873,-1.03E-08,189.1454919,-60.38986793,9.917640032,10,151,1,22,64,21,14,39,4,2,23,0,0,0,1,20
2d3u,-56.86138089,0.732795429,-1.61367074,-39.82448031,-3.112598653,59.65232099,-41.43026946,5.114070742,3,74,4,0,15,34,0,24,0,2,33,0,2,0,0,5
2d3z,-55.39933711,-1.406736983,-1.767201427,-41.03991442,-4.117502253,56.14710455,-37.05393815,4.065602251,3,73,2,0,13,38,0,23,0,2,28,0,0,0,0,5
2drc,-52.58433842,-2.404269321,-12.1922756,-25.34641113,-1.09403796,37.99271979,-38.35474565,4.636573562,0,4,0,0,0,0,0,4,0,1,0,0,0,0,0,11
2er9,-58.95659404,11.07412333,-3.516025652,-55.01925799,-0.072882248,64.11140829,-84.85166317,64.96549358,14,241,0,10,62,0,43,140,7,4,31,0,0,0,1,34
2f01,-41.3543663,1.212118842,-3.453591843,-41.17640202,0,34.19219306,-40.71996736,0.723640763,8,120,0,1,11,0,99,17,2,5,22,0,0,0,0,5
2f80,-15.68878651,4.333160543,-2.375879064,-57.39862197,-1.32E-06,4.60343141,-61.22660092,6.519899099,13,164,0,29,37,0,64,47,3,3,25,0,0,0,0,14
2fai,-16.58803418,3.001720456,-1.956593759,-57.89444311,-0.453119016,18.44142469,-40.81289119,3.246900487,3,56,9,0,0,46,0,4,2,1,15,0,0,1,0,4
2fdp,-89.62001456,4.719031292,-3.644802589,-58.84863683,-0.552276124,77.50164952,-75.73258829,7.475955019,12,185,0,7,62,0,49,79,2,3,32,0,0,1,4,15
2flb,-175.6544394,9.094004925,-2.592557246,-19.05516663,-1.557309612,226.1747816,-36.43674787,14.18419855,8,147,0,27,48,0,10,70,1,0,17,0,0,1,0,5
2fzc,-149.0448008,-1.032628808,-8.521309147,-8.930695107,0,150.0715615,-23.65816161,4.425066646,16,144,0,0,9,86,35,30,1,7,3,0,0,0,5,9
2g5u,1.437866652,0.196651455,0,-26.41123948,0,4.626772586,-20.1498101,0.841459494,0,27,0,3,0,0,24,0,0,0,8,0,0,0,0,3
2g8r,44.1195448,10.53083031,-3.15143974,-10.2479106,-2.21E-05,-23.2761825,-29.1210475,11.71109521,4,67,0,12,7,3,24,25,0,2,11,0,0,0,1,6
2g94,-75.32202296,2.48741933,-3.366541589,-61.42342478,0,48.62561972,-80.29863459,22.96893147,13,220,0,24,67,0,52,90,3,8,35,0,0,0,0,20
2gss,-2.64658094,2.690229309,-0.719612434,-33.75654625,-2.575191141,12.21629482,-30.1293044,1.772372578,1,47,0,0,4,24,9,11,0,1,16,0,1,0,1,6
2h3e,-135.5696658,5.143710459,-12.65497971,-10.43739844,0,134.8996434,-24.93847281,8.142490932,26,190,16,0,16,82,41,61,2,12,7,0,0,0,3,7
2hdq,-46.45959493,0.128248734,-8.836906785,-9.90363789,-1.926171681,52.13445836,-16.1510305,0.042096507,4,54,0,0,2,0,16,40,0,4,20,0,1,0,2,1
2i0d,2.069540937,6.390892422,-1.987334118,-55.5870589,-0.802040989,7.725268505,-72.01351666,6.73847972,6,140,0,12,41,0,45,48,2,3,25,0,0,0,0,15
2j77,-25.58139888,-0.231505685,-3.357034091,-19.40664635,0,48.99471996,-20.18268357,8.347754003,15,149,0,0,0,0,69,95,4,3,16,2,0,0,3,5
2j78,-38.55229918,1.03418185,-3.760845795,-16.87615732,0,33.09864462,-19.92277258,5.041194737,18,167,0,0,0,0,83,102,4,4,18,0,0,0,0,6
2qwb,79.81067265,9.677075218,-12.88735112,-13.50230701,0,-43.8606426,-32.00270909,14.78786524,13,117,0,0,0,0,74,56,2,4,7,0,0,0,2,10
2qwd,138.5940762,-1.125967407,-12.7227906,-13.08242422,0,-76.89977648,-31.69795994,10.15733371,12,124,0,0,1,0,77,58,2,4,8,0,0,0,4,9
2qwe,-55.96785021,-0.975144864,-7.896867988,-12.09469558,0,109.3386593,-22.72773775,21.24595604,21,211,0,14,10,0,110,98,5,4,12,0,0,0,14,13
2rkm,-149.3500102,2.583182929,-5.755320383,0,0,141.922561,-44.80329233,4.032735067,11,170,1,22,25,29,41,63,6,2,14,0,0,0,3,14
2std,-5.415825877,2.045585256,-0.038864401,-63.78108213,-0.843482855,13.46879843,-48.38177725,1.880837137,1,48,1,0,0,10,17,21,0,0,22,0,0,1,0,4
2usn,-31.48623905,4.199990306,-1.756216696,-25.75556602,-1.481076821,36.00479584,-43.8762201,7.507312296,7,96,0,31,3,21,27,21,2,2,20,1,0,0,0,8
3gss,-29.67561469,-5.476044388,-3.884711655,-40.31234336,-2.546045522,32.46677017,-42.7920559,14.46230281,9,171,8,10,9,64,17,72,2,8,37,0,1,0,2,19
3pce,-30.1023025,1.797311288,-0.359173494,-18.24217932,-0.435826928,38.94748288,-16.04350309,3.182967073,4,82,0,2,0,1,57,26,1,0,25,0,0,1,0,3
3pch,-57.06185156,1.551092747,-2.073972466,-23.14334122,-0.459264628,55.92102305,-13.00656375,0.527661004,13,83,0,3,0,0,61,32,1,2,21,0,0,0,0,2
3pcj,-77.77372648,2.292692925,-2.29568085,-12.95130572,-0.325809513,88.58499166,-25.87772644,2.994065554,7,70,0,1,0,0,40,36,0,3,15,0,0,0,0,2
4er2,-57.41887215,3.788851807,-3.11510099,-60.38753792,0,45.28470116,-69.83139801,13.03764168,11,178,0,12,50,0,61,66,4,4,15,0,0,0,1,30
4tim,-100.1697019,0.035903396,-7.276549547,-8.42460833,0,127.9031191,-24.56013367,2.499109204,11,102,0,20,17,0,22,54,0,6,6,0,0,0,3,5
4tln,-34.05918306,9.818775164,-2.03196243,-14.30017079,0,36.74297794,-13.15880032,11.45008593,9,76,0,7,0,48,15,15,2,1,1,0,0,0,3,5
4tmn,142.6928435,13.21724421,-5.426511008,-39.36664369,-0.520020615,-71.62406907,-58.56215942,12.17901676,10,164,0,17,0,64,47,46,1,5,27,0,0,0,5,14
5er1,-22.32926652,12.65327949,-2.183189113,-53.34504419,0,18.53444988,-48.10251583,28.66210333,5,126,0,14,35,0,49,33,3,1,27,0,0,0,5,19
6rnt,-22.75343211,2.131703273,-11.17407967,-3.816439667,-5.426339713,19.73366625,-21.89601414,5.456730406,8,124,0,0,19,0,60,53,0,4,6,1,1,0,3,7
6std,-2.82807792,0.744112189,-0.31861255,-63.36032123,-1.598945035,5.826792594,-53.23580057,2.648603437,0,78,4,0,0,37,26,11,0,0,33,0,0,1,0,4
7cpa,-57.63212609,3.250645885,-13.35361271,-39.14609345,-1.858504912,95.60956382,-56.13312994,10.82633637,14,196,0,9,0,6,32,163,1,8,14,0,1,0,9,15
8cpa,-8.85435057,1.969930248,-12.49955846,-26.01380752,-1.151402661,78.86589132,-45.14022086,10.34770265,12,180,0,5,0,7,30,150,2,6,13,0,1,0,9,12
